atc_code,canonical_audit_channel,nsa_rows,nsa_unique_product_pack_keys
A01A0,KCPA,169,6
A01A0,KHPA,2210,55
A01A0,KPA,8023,186
A01B0,KHPA,72,2
A01B0,KPA,72,2
A02A1,KCPA,1895,59
A02A1,KHPA,3248,97
A02A1,KPA,8013,188
A02A2,KCPA,203,10
A02A2,KHPA,621,17
A02A2,KPA,602,18
A02A3,KPA,315,8
A02A4,KHPA,59,1
A02A4,KPA,249,7
A02A5,KPA,101,2
A02A6,KHPA,226,6
A02A6,KPA,1409,36
A02B1,KCPA,1230,53
A02B1,KHPA,4725,181
A02B1,KPA,21985,531
A02B2,KCPA,1847,83
A02B2,KHPA,11381,395
A02B2,KPA,39370,858
A02B3,KCPA,51,1
A02B3,KHPA,497,15
A02B3,KPA,760,18
A02B4,KHPA,124,3
A02B4,KPA,180,3
A02B9,KCPA,763,35
A02B9,KHPA,4762,187
A02B9,KPA,18676,390
A02X0,KCPA,521,32
A02X0,KHPA,3615,149
A02X0,KPA,18538,397
A03A0,KCPA,1734,47
A03A0,KHPA,4618,152
A03A0,KPA,15075,315
A03C0,KCPA,10,1
A03C0,KHPA,60,1
A03C0,KPA,60,1
A03D0,KCPA,3,2
A03D0,KHPA,65,4
A03D0,KPA,425,10
A03E0,KCPA,324,16
A03E0,KHPA,760,27
A03E0,KPA,2715,53
A03F0,KCPA,2793,99
A03F0,KHPA,8876,343
A03F0,KPA,44630,934
A03G0,KHPA,127,8
A03G0,KPA,150,8
A04A1,KCPA,292,11
A04A1,KHPA,3794,73
A04A1,KPA,1172,28
A04A2,KHPA,298,6
A04A2,KPA,244,5
A04A9,KCPA,60,1
A04A9,KHPA,388,16
A04A9,KPA,2262,58
A05A1,KCPA,3,1
A05A1,KHPA,60,1
A05A1,KPA,466,14
A05A2,KCPA,135,4
A05A2,KHPA,914,24
A05A2,KPA,2001,41
A05A9,KHPA,4,4
A05B0,KCPA,1244,38
A05B0,KHPA,2953,81
A05B0,KPA,8512,225
A05C0,KCPA,65,3
A05C0,KHPA,1207,51
A05C0,KPA,6411,117
A06A2,KCPA,176,10
A06A2,KHPA,685,26
A06A2,KPA,3941,109
A06A3,KCPA,308,10
A06A3,KHPA,778,25
A06A3,KPA,2790,64
A06A4,KCPA,93,5
A06A4,KHPA,436,11
A06A4,KPA,567,13
A06A6,KCPA,155,5
A06A6,KHPA,867,24
A06A6,KPA,1137,34
A06A7,KCPA,14,1
A06A7,KHPA,60,1
A06A7,KPA,104,3
A06A9,KCPA,51,4
A06A9,KHPA,686,19
A06A9,KPA,1050,25
A06B1,KCPA,486,17
A06B1,KHPA,760,22
A06B1,KPA,617,21
A06B2,KCPA,498,18
A06B2,KHPA,730,24
A06B2,KPA,698,23
A07A0,KCPA,60,1
A07A0,KHPA,304,9
A07A0,KPA,1877,53
A07B0,KCPA,202,7
A07B0,KHPA,709,19
A07B0,KPA,987,27
A07E1,KHPA,865,19
A07E1,KPA,942,20
A07E2,KHPA,114,2
A07E2,KPA,120,2
A07E9,KHPA,244,8
A07E9,KPA,120,5
A07F0,KCPA,402,23
A07F0,KHPA,2465,90
A07F0,KPA,6958,161
A07G0,KCPA,3,1
A07G0,KHPA,122,4
A07G0,KPA,182,5
A07H0,KCPA,151,4
A07H0,KHPA,285,8
A07H0,KPA,579,10
A07X0,KCPA,3,1
A07X0,KHPA,295,7
A07X0,KPA,473,12
A08A0,KCPA,242,17
A08A0,KHPA,722,28
A08A0,KPA,11592,268
A09A0,KCPA,305,14
A09A0,KHPA,1963,59
A09A0,KPA,5864,159
A10C1,KCPA,510,10
A10C1,KHPA,665,12
A10C1,KPA,677,13
A10C2,KCPA,180,3
A10C2,KHPA,180,3
A10C2,KPA,180,3
A10C3,KCPA,404,7
A10C3,KHPA,445,8
A10C3,KPA,451,8
A10C5,KCPA,414,7
A10C5,KHPA,382,7
A10C5,KPA,420,7
A10C9,KCPA,164,3
A10C9,KHPA,173,3
A10C9,KPA,173,3
A10H0,KCPA,690,25
A10H0,KHPA,4271,148
A10H0,KPA,17328,338
A10J1,KCPA,95,7
A10J1,KHPA,3300,106
A10J1,KPA,10131,213
A10J2,KCPA,31,2
A10J2,KHPA,1297,47
A10J2,KPA,6985,139
A10J9,KPA,40,4
A10K1,KCPA,205,10
A10K1,KHPA,1210,55
A10K1,KPA,7605,164
A10K2,KHPA,3,1
A10K2,KPA,117,2
A10K3,KHPA,196,6
A10K3,KPA,1242,25
A10L0,KCPA,98,5
A10L0,KHPA,548,19
A10L0,KPA,1627,43
A10M1,KCPA,31,4
A10M1,KHPA,429,11
A10M1,KPA,627,12
A10M3,KPA,22,1
A10N1,KCPA,443,16
A10N1,KHPA,1465,73
A10N1,KPA,8405,324
A10N3,KCPA,131,9
A10N3,KHPA,2775,111
A10N3,KPA,17276,765
A10N9,KHPA,139,6
A10N9,KPA,612,30
A10P1,KHPA,953,60
A10P1,KPA,3665,197
A10P3,KHPA,935,44
A10P3,KPA,3164,246
A10P5,KHPA,292,18
A10P5,KPA,1998,88
A10P9,KHPA,107,16
A10P9,KPA,598,41
A10S0,KCPA,142,7
A10S0,KHPA,192,11
A10S0,KPA,192,10
A10X1,KHPA,182,9
A10X1,KPA,1609,35
A10X9,KCPA,689,19
A10X9,KHPA,2868,101
A10X9,KPA,11810,242
A11A1,KHPA,12,2
A11A1,KPA,121,3
A11A2,KPA,498,18
A11A3,KPA,11,1
A11A4,KCPA,51,2
A11A4,KHPA,1003,34
A11A4,KPA,7671,247
A11B2,KHPA,60,1
A11B2,KPA,127,4
A11B4,KCPA,87,2
A11B4,KHPA,94,2
A11B4,KPA,924,29
A11C2,KCPA,2231,52
A11C2,KHPA,2742,69
A11C2,KPA,2680,76
A11C3,KPA,49,1
A11D3,KCPA,1530,32
A11D3,KHPA,860,21
A11D3,KPA,196,6
A11D4,KCPA,53,2
A11D4,KHPA,266,6
A11D4,KPA,670,21
A11D9,KCPA,71,3
A11D9,KHPA,531,13
A11D9,KPA,3510,103
A11E1,KCPA,225,5
A11E1,KHPA,264,5
A11E1,KPA,277,8
A11E2,KCPA,266,9
A11E2,KHPA,360,10
A11E2,KPA,379,10
A11E3,KCPA,141,5
A11E3,KHPA,882,25
A11E3,KPA,4679,145
A11F0,KCPA,812,20
A11F0,KHPA,926,18
A11F0,KPA,411,12
A11G1,KCPA,1475,31
A11G1,KHPA,1247,32
A11G1,KPA,1059,26
A11G2,KHPA,56,4
A11G2,KPA,919,24
A11X1,KCPA,14,1
A11X1,KHPA,82,3
A11X1,KPA,91,4
A11X2,KCPA,393,8
A11X2,KHPA,288,6
A11X2,KPA,103,4
A11X3,KHPA,180,3
A11X3,KPA,238,4
A11X9,KCPA,384,10
A11X9,KHPA,525,12
A11X9,KPA,2321,75
A12A0,KCPA,238,7
A12A0,KHPA,2367,74
A12A0,KPA,6115,170
A12B0,KCPA,7,1
A12B0,KHPA,76,2
A12B0,KPA,82,3
A12C1,KCPA,60,1
A12C1,KHPA,282,7
A12C1,KPA,1340,30
A12C2,KCPA,132,5
A12C2,KHPA,508,15
A12C2,KPA,822,19
A13A2,KCPA,39,2
A13A2,KHPA,891,36
A13A2,KPA,4380,123
A14A1,KHPA,60,1
A14A1,KPA,60,1
A14B0,KHPA,56,1
A14B0,KPA,120,2
A15A0,KCPA,104,2
A15A0,KHPA,179,5
A15A0,KPA,457,9
A16A0,KCPA,891,20
A16A0,KHPA,1928,52
A16A0,KPA,252,10
B01A0,KCPA,100,3
B01A0,KHPA,411,8
B01A0,KPA,420,7
B01B1,KCPA,120,5
B01B1,KHPA,719,15
B01B1,KPA,175,6
B01B2,KCPA,359,13
B01B2,KHPA,1054,18
B01B2,KPA,444,13
B01B3,KCPA,102,2
B01B3,KHPA,180,3
B01B3,KPA,100,3
B01C1,KCPA,629,19
B01C1,KHPA,1721,55
B01C1,KPA,5994,125
B01C2,KCPA,1050,32
B01C2,KHPA,3450,120
B01C2,KPA,14756,292
B01C3,KHPA,120,2
B01C4,KCPA,505,15
B01C4,KHPA,4369,141
B01C4,KPA,14894,316
B01C5,KCPA,113,6
B01C5,KHPA,1579,53
B01C5,KPA,4342,124
B01C9,KCPA,322,10
B01C9,KHPA,2117,81
B01C9,KPA,12237,249
B01D0,KCPA,330,21
B01D0,KHPA,852,34
B01D0,KPA,1750,56
B01E0,KCPA,20,2
B01E0,KHPA,240,4
B01E0,KPA,129,3
B01F0,KCPA,108,6
B01F0,KHPA,2668,130
B01F0,KPA,8025,247
B01X0,KHPA,98,2
B01X0,KPA,3,1
B02A1,KCPA,179,6
B02A1,KHPA,505,14
B02A1,KPA,790,22
B02B1,KCPA,60,1
B02B1,KHPA,60,1
B02B1,KPA,60,1
B02B2,KCPA,60,1
B02B2,KHPA,60,1
B02B2,KPA,5,1
B02B9,KHPA,45,1
B02C1,KHPA,120,2
B02C2,KCPA,277,9
B02C2,KHPA,1044,24
B02C2,KPA,698,16
B02C3,KHPA,120,2
B02C3,KPA,54,2
B02D1,KHPA,1853,37
B02D1,KPA,461,21
B02D2,KHPA,820,19
B02D2,KPA,229,12
B02D3,KHPA,278,5
B02D3,KPA,83,4
B02D4,KHPA,56,1
B02D5,KHPA,60,1
B02E1,KHPA,205,7
B02E1,KPA,157,7
B02E9,KHPA,10,2
B02E9,KPA,10,2
B02F0,KCPA,123,4
B02F0,KHPA,1102,24
B02F0,KPA,75,8
B02G0,KCPA,112,2
B02G0,KHPA,468,9
B02G0,KPA,18,2
B03A1,KCPA,795,19
B03A1,KHPA,1646,33
B03A1,KPA,1375,30
B03A2,KPA,1356,34
B03C0,KCPA,3196,65
B03C0,KHPA,3152,58
B03C0,KPA,886,31
B03X0,KCPA,139,4
B03X0,KHPA,303,9
B03X0,KPA,307,7
B06B0,KCPA,575,15
B06B0,KHPA,1079,25
B06B0,KPA,3,1
B06D0,KHPA,60,1
B06D0,KPA,47,1
B06X0,KHPA,17,3
C01A1,KCPA,60,1
C01A1,KHPA,239,4
C01A1,KPA,185,5
C01B0,KCPA,122,3
C01B0,KHPA,1157,28
C01B0,KPA,1099,25
C01C1,KCPA,221,9
C01C1,KHPA,1086,24
C01C1,KPA,418,14
C01C2,KHPA,1039,20
C01C2,KPA,172,6
C01D0,KCPA,338,11
C01D0,KHPA,1479,35
C01D0,KPA,1612,32
C01E0,KCPA,375,10
C01E0,KHPA,1540,36
C01E0,KPA,1598,38
C01F0,KHPA,60,1
C01F0,KPA,23,1
C01X0,KCPA,523,16
C01X0,KHPA,1110,27
C01X0,KPA,1289,43
C02A1,KHPA,41,1
C02A2,KCPA,254,7
C02A2,KHPA,776,24
C02A2,KPA,1330,37
C03A1,KCPA,86,3
C03A1,KHPA,340,8
C03A1,KPA,402,9
C03A2,KCPA,328,9
C03A2,KHPA,1365,28
C03A2,KPA,1628,34
C03A3,KCPA,94,3
C03A3,KHPA,416,8
C03A3,KPA,608,14
C03A5,KHPA,120,2
C03A5,KPA,124,3
C03A7,KHPA,153,4
C03A7,KPA,195,6
C03A9,KHPA,60,1
C03A9,KPA,60,1
C04A1,KCPA,1557,51
C04A1,KHPA,5790,218
C04A1,KPA,19078,581
C04A2,KCPA,11,1
C04A2,KHPA,386,8
C04A2,KPA,373,7
C05A1,KCPA,32,2
C05A1,KHPA,325,7
C05A1,KPA,471,12
C05A2,KCPA,206,6
C05A2,KHPA,593,18
C05A2,KPA,1280,27
C05B0,KCPA,103,4
C05B0,KHPA,325,10
C05B0,KPA,821,19
C05C0,KCPA,248,10
C05C0,KHPA,2305,89
C05C0,KPA,9564,239
C06B1,KHPA,338,7
C06B1,KPA,357,7
C06B2,KHPA,60,1
C06B2,KPA,60,1
C06B3,KHPA,374,7
C06B3,KPA,257,5
C06B9,KHPA,17,5
C06B9,KPA,16,5
C06X0,KHPA,159,5
C06X0,KPA,169,6
C07A0,KCPA,2087,65
C07A0,KHPA,6529,179
C07A0,KPA,12433,260
C07B1,KCPA,40,1
C07B1,KHPA,267,8
C07B1,KPA,894,21
C08A0,KCPA,2783,82
C08A0,KHPA,9048,274
C08A0,KPA,28538,599
C08B2,KPA,37,1
C09A0,KCPA,172,6
C09A0,KHPA,1541,41
C09A0,KPA,2856,79
C09B1,KHPA,60,1
C09B1,KPA,60,1
C09B3,KHPA,101,4
C09B3,KPA,193,4
C09C0,KCPA,3237,98
C09C0,KHPA,11623,374
C09C0,KPA,38515,854
C09D1,KCPA,158,11
C09D1,KHPA,4767,183
C09D1,KPA,28060,613
C09D3,KCPA,1488,67
C09D3,KHPA,9743,366
C09D3,KPA,48203,1088
C09D9,KCPA,58,2
C09D9,KHPA,240,4
C09D9,KPA,240,4
C10A1,KCPA,1815,60
C10A1,KHPA,13222,493
C10A1,KPA,63906,1341
C10A2,KCPA,92,4
C10A2,KHPA,1343,39
C10A2,KPA,2631,54
C10A3,KHPA,46,3
C10A3,KPA,59,2
C10A4,KCPA,22,1
C10A4,KHPA,176,5
C10A4,KPA,165,4
C10A9,KCPA,10,1
C10A9,KHPA,261,11
C10A9,KPA,1023,22
C10B0,KCPA,311,12
C10B0,KHPA,1046,38
C10B0,KPA,3465,85
C10C0,KCPA,623,27
C10C0,KHPA,7219,249
C10C0,KPA,27958,641
C11A1,KCPA,43,4
C11A1,KHPA,4666,162
C11A1,KPA,20852,503
D01A1,KCPA,157,10
D01A1,KHPA,2693,79
D01A1,KPA,10906,257
D01A3,KHPA,533,14
D01A3,KPA,926,19
D02A0,KHPA,1457,38
D02A0,KPA,2917,85
D03A1,KCPA,58,1
D03A1,KHPA,332,8
D03A1,KPA,136,3
D03A9,KCPA,694,24
D03A9,KHPA,3362,79
D03A9,KPA,1798,60
D04A0,KCPA,30,3
D04A0,KHPA,453,13
D04A0,KPA,2585,66
D05A0,KHPA,322,7
D05A0,KPA,630,12
D05B0,KCPA,34,2
D05B0,KHPA,366,12
D05B0,KPA,292,19
D05X0,KCPA,3,1
D05X0,KHPA,667,25
D05X0,KPA,2167,50
D06A0,KCPA,253,10
D06A0,KHPA,1337,34
D06A0,KPA,2860,66
D06D1,KCPA,81,5
D06D1,KHPA,947,21
D06D1,KPA,2421,55
D06D9,KCPA,29,1
D06D9,KHPA,60,1
D06D9,KPA,60,1
D07A0,KCPA,524,27
D07A0,KHPA,4985,151
D07A0,KPA,14156,278
D07B1,KCPA,67,4
D07B1,KHPA,622,19
D07B1,KPA,3224,79
D07B2,KCPA,143,8
D07B2,KHPA,449,12
D07B2,KPA,968,18
D07B3,KCPA,128,3
D07B3,KHPA,386,12
D07B3,KPA,846,17
D07B4,KCPA,5,1
D07B4,KHPA,107,2
D07B4,KPA,797,19
D08A0,KCPA,60,4
D08A0,KHPA,5888,161
D08A0,KPA,4348,138
D10A0,KCPA,51,13
D10A0,KHPA,1148,40
D10A0,KPA,3504,83
D10B0,KCPA,3,1
D10B0,KHPA,263,11
D10B0,KPA,1217,33
D11A0,KCPA,127,14
D11A0,KHPA,1422,52
D11A0,KPA,12724,299
G01A1,KCPA,60,1
G01A1,KHPA,66,3
G01A1,KPA,473,9
G01A2,KPA,17,1
G01B0,KCPA,614,14
G01B0,KHPA,809,18
G01B0,KPA,1116,24
G01C0,KCPA,58,1
G01C0,KHPA,8,1
G01C0,KPA,60,1
G01D0,KCPA,197,4
G01D0,KHPA,409,10
G01D0,KPA,498,10
G02A0,KCPA,467,12
G02A0,KHPA,632,13
G02A0,KPA,288,7
G02B0,KCPA,60,1
G02B0,KHPA,49,1
G02B0,KPA,66,2
G02D0,KCPA,88,5
G02D0,KHPA,296,8
G02D0,KPA,419,8
G02E0,KCPA,54,1
G02E0,KHPA,413,8
G02E0,KPA,38,1
G02F0,KCPA,178,6
G02F0,KHPA,172,7
G02F0,KPA,214,7
G02X1,KHPA,13,2
G02X1,KPA,806,23
G02X9,KCPA,17,1
G02X9,KHPA,66,4
G02X9,KPA,1233,28
G03A1,KCPA,39,4
G03A1,KHPA,276,9
G03A1,KPA,1178,27
G03A4,KCPA,9,1
G03A4,KHPA,54,1
G03A4,KPA,63,2
G03A5,KHPA,7,1
G03A5,KPA,101,5
G03A6,KCPA,129,4
G03A6,KHPA,355,11
G03A6,KPA,739,18
G03A9,KCPA,232,5
G03A9,KHPA,218,5
G03A9,KPA,50,3
G03B0,KCPA,190,4
G03B0,KHPA,214,6
G03B0,KPA,256,6
G03C0,KCPA,159,5
G03C0,KHPA,361,10
G03C0,KPA,501,13
G03D0,KCPA,277,12
G03D0,KHPA,842,21
G03D0,KPA,1158,28
G03F0,KHPA,217,6
G03F0,KPA,344,9
G03G0,KCPA,669,18
G03G0,KHPA,1957,42
G03G0,KPA,216,10
G03J0,KCPA,24,1
G03J0,KHPA,633,26
G03J0,KPA,2315,56
G03X0,KCPA,863,21
G03X0,KHPA,706,22
G03X0,KPA,811,20
G04A1,KHPA,178,5
G04A1,KPA,231,5
G04A9,KHPA,147,4
G04A9,KPA,151,4
G04C2,KCPA,221,18
G04C2,KHPA,5326,200
G04C2,KPA,20974,432
G04C3,KCPA,150,8
G04C3,KHPA,2596,92
G04C3,KPA,9178,182
G04C4,KHPA,52,2
G04C4,KPA,73,2
G04C7,KPA,4,4
G04C9,KCPA,6,2
G04C9,KHPA,120,5
G04C9,KPA,420,14
G04D4,KCPA,154,16
G04D4,KHPA,3647,134
G04D4,KPA,13604,315
G04E1,KCPA,115,16
G04E1,KHPA,1592,56
G04E1,KPA,12933,254
G04E9,KCPA,116,4
G04E9,KHPA,207,4
G04E9,KPA,154,3
G04X0,KCPA,79,4
G04X0,KHPA,777,23
G04X0,KPA,2220,54
Grand Total,Grand Total,40,1
H01A0,KCPA,37,1
H01A0,KHPA,60,1
H01A0,KPA,60,1
H01C2,KHPA,753,16
H01C2,KPA,154,10
H01C3,KCPA,110,3
H01C3,KHPA,195,4
H01C3,KPA,6,2
H02A1,KCPA,1643,36
H02A1,KHPA,1641,34
H02A1,KPA,765,27
H02A2,KCPA,173,14
H02A2,KHPA,2774,84
H02A2,KPA,9846,205
H02B0,KHPA,3,1
H02B0,KPA,49,1
H03A0,KCPA,306,11
H03A0,KHPA,1187,28
H03A0,KPA,1345,29
H03B0,KHPA,444,13
H03B0,KPA,627,15
H03C0,KHPA,69,2
H03C0,KPA,69,2
H04A0,KCPA,199,5
H04A0,KHPA,223,7
H04A0,KPA,28,2
H04B0,KHPA,62,2
H04B0,KPA,20,1
H04C0,KCPA,237,10
H04C0,KHPA,1175,30
H04C0,KPA,1222,29
H04D0,KCPA,89,3
H04D0,KHPA,1285,40
H04D0,KPA,2626,54
H04E0,KCPA,114,3
H04E0,KHPA,182,4
H04E0,KPA,143,4
H04F0,KCPA,860,24
H04F0,KHPA,895,24
H04F0,KPA,574,17
H04G0,KHPA,1,1
H04G0,KPA,1,1
J01A0,KCPA,27,4
J01A0,KHPA,697,26
J01A0,KPA,1570,39
J01C1,KCPA,956,39
J01C1,KHPA,7348,232
J01C1,KPA,22369,464
J01C2,KCPA,604,20
J01C2,KHPA,2899,57
J01C2,KPA,558,24
J01D1,KCPA,2187,99
J01D1,KHPA,10390,357
J01D1,KPA,35390,721
J01D2,KCPA,3439,126
J01D2,KHPA,9758,220
J01D2,KPA,476,43
J01E0,KCPA,60,1
J01E0,KHPA,184,5
J01E0,KPA,72,3
J01F0,KCPA,733,22
J01F0,KHPA,4831,193
J01F0,KPA,26460,545
J01G1,KCPA,669,37
J01G1,KHPA,5877,202
J01G1,KPA,22073,469
J01G2,KCPA,619,32
J01G2,KHPA,4614,95
J01G2,KPA,106,10
J01H1,KCPA,62,2
J01H1,KHPA,246,5
J01K0,KCPA,1639,50
J01K0,KHPA,1893,57
J01K0,KPA,317,12
J01M0,KHPA,60,1
J01M0,KPA,60,1
J01P1,KHPA,26,2
J01P2,KCPA,63,6
J01P2,KHPA,2268,54
J01P2,KPA,280,12
J01X1,KCPA,345,17
J01X1,KHPA,1779,34
J01X1,KPA,47,6
J01X2,KHPA,145,3
J01X2,KPA,7,1
J01X9,KHPA,689,16
J01X9,KPA,260,8
J02A0,KCPA,149,10
J02A0,KHPA,4594,169
J02A0,KPA,26426,553
J03A0,KHPA,50,1
J03A0,KPA,6,1
J04A1,KCPA,33,2
J04A1,KHPA,1075,24
J04A1,KPA,1061,21
J04A5,KHPA,60,1
J04A5,KPA,60,1
J04A7,KHPA,60,1
J04A7,KPA,60,1
J04B0,KHPA,232,5
J04B0,KPA,193,4
J05B3,KCPA,286,16
J05B3,KHPA,4620,150
J05B3,KPA,12904,254
J05B4,KCPA,322,25
J05B4,KHPA,1251,57
J05B4,KPA,3266,137
J05B6,KHPA,22,2
J05B6,KPA,11,1
J05B9,KHPA,103,4
J05B9,KPA,342,7
J05C1,KHPA,879,22
J05C1,KPA,1705,37
J05C2,KHPA,408,8
J05C2,KPA,25,3
J05C3,KHPA,231,5
J05C3,KPA,41,3
J05C5,KHPA,190,5
J05C5,KPA,44,3
J05C8,KHPA,287,5
J05C8,KPA,171,5
J05D1,KHPA,133,6
J05D1,KPA,192,6
J05D2,KHPA,1904,48
J05D2,KPA,4209,85
J05D3,KHPA,151,6
J05D3,KPA,253,8
J06A1,KHPA,75,2
J06A1,KPA,3,1
J06C0,KCPA,83,2
J06C0,KHPA,774,18
J06C0,KPA,134,6
J06E0,KCPA,76,2
J06E0,KHPA,112,3
J06E0,KPA,3,1
J06F0,KCPA,60,1
J06F0,KHPA,60,1
J06F0,KPA,3,1
J06G1,KCPA,154,3
J06G1,KHPA,154,3
J06G1,KPA,96,2
J06H4,KCPA,64,3
J06H4,KHPA,360,6
J06H5,KHPA,60,1
J06H6,KCPA,13,2
J06H6,KHPA,226,6
J06H9,KHPA,51,1
J06J0,KCPA,52,2
J06J0,KHPA,119,2
J06J0,KPA,12,1
J07B1,KCPA,654,15
J07B1,KHPA,583,15
J07B1,KPA,81,5
J07B2,KCPA,105,2
J07B2,KHPA,98,2
J07B2,KPA,3,1
J07D1,KCPA,256,7
J07D1,KHPA,247,7
J07D1,KPA,19,1
J07D2,KCPA,134,3
J07D2,KHPA,131,3
J07D3,KCPA,64,2
J07D3,KHPA,60,1
J07D4,KCPA,60,1
J07D4,KHPA,112,3
J07D4,KPA,1,1
J07D6,KCPA,120,2
J07D6,KHPA,114,2
J07D7,KHPA,31,1
J07D7,KPA,2,1
J07E1,KCPA,627,27
J07E1,KHPA,529,24
J07E1,KPA,14,4
J07E2,KCPA,364,7
J07E2,KHPA,333,7
J07E2,KPA,38,4
J07E3,KCPA,164,3
J07E3,KHPA,161,3
J07E3,KPA,22,1
J07E4,KCPA,773,15
J07E4,KHPA,716,16
J07E4,KPA,3,1
J07E5,KCPA,120,2
J07E5,KHPA,120,2
J07E6,KCPA,22,4
J07E6,KHPA,11,3
J07E7,KCPA,5,1
J07E7,KHPA,5,1
J07E9,KCPA,447,11
J07E9,KHPA,541,11
J07X0,KCPA,45,2
J07X0,KHPA,247,5
J07X0,KPA,300,5
J08B0,KCPA,294,8
J08B0,KHPA,365,9
J08B0,KPA,91,7
J08X0,KCPA,61,2
J08X0,KHPA,122,4
J08X0,KPA,3,1
K01A1,KHPA,394,8
K01A1,KPA,80,2
K01A3,KCPA,32,5
K01A3,KHPA,1002,19
K01A3,KPA,125,10
K01A4,KCPA,15,2
K01A4,KHPA,196,4
K01A4,KPA,31,3
K01A5,KHPA,18,2
K01A7,KCPA,867,17
K01A7,KHPA,887,17
K01A7,KPA,467,11
K01A9,KHPA,60,1
K01B1,KCPA,1818,41
K01B1,KHPA,2335,50
K01B1,KPA,1230,33
K01B2,KCPA,695,17
K01B2,KHPA,1373,29
K01B2,KPA,347,12
K01B3,KCPA,1678,38
K01B3,KHPA,1824,39
K01B3,KPA,668,22
K01C1,KCPA,276,9
K01C1,KHPA,581,12
K01C1,KPA,188,7
K01D1,KCPA,540,17
K01D1,KHPA,951,21
K01D1,KPA,167,8
K01D2,KCPA,932,30
K01D2,KHPA,3399,87
K01D2,KPA,276,23
K01E1,KCPA,3332,81
K01E1,KHPA,3737,85
K01E1,KPA,939,45
K01E2,KHPA,34,1
K01E3,KCPA,385,9
K01E3,KHPA,392,10
K01E3,KPA,159,5
K01E4,KCPA,2954,80
K01E4,KHPA,2012,60
K01E4,KPA,497,28
K01E5,KCPA,123,3
K01E5,KHPA,322,6
K01E5,KPA,6,2
K01E9,KCPA,218,8
K01E9,KHPA,312,8
K01E9,KPA,58,2
K01F1,KCPA,344,8
K01F1,KHPA,902,18
K01F1,KPA,112,7
K02A1,KHPA,2,1
K02B0,KCPA,114,2
K02B0,KHPA,254,6
K02B0,KPA,75,4
K03B2,KCPA,52,2
K03B2,KHPA,152,3
K03B2,KPA,54,3
K03B3,KCPA,163,4
K03B3,KHPA,240,4
K03B3,KPA,152,4
K04A1,KCPA,2470,64
K04A1,KHPA,4322,90
K04A1,KPA,339,17
K04B1,KCPA,261,8
K04B1,KHPA,644,12
K04B1,KPA,492,11
K04B2,KCPA,292,11
K04B2,KHPA,715,12
K04B2,KPA,209,8
K04C0,KCPA,157,4
K04C0,KHPA,180,3
K04C0,KPA,153,3
K04D0,KCPA,457,10
K04D0,KHPA,587,13
K04D0,KPA,34,4
K05A2,KCPA,131,3
K05A2,KHPA,252,10
K05A2,KPA,515,12
K05A9,KCPA,51,1
K05A9,KHPA,60,1
K06A0,KCPA,1469,40
K06A0,KHPA,1987,48
K06A0,KPA,9,1
K06B0,KHPA,1957,40
K06C0,KHPA,164,3
K07A0,KHPA,177,3
K07A0,KPA,19,2
L01A0,KHPA,1674,36
L01A0,KPA,799,18
L01B0,KCPA,126,6
L01B0,KHPA,5151,114
L01B0,KPA,1368,44
L01C1,KHPA,390,9
L01C1,KPA,129,6
L01C2,KHPA,2460,48
L01C2,KPA,181,8
L01C3,KHPA,1312,25
L01C3,KPA,3,1
L01C4,KHPA,212,5
L01C4,KPA,28,2
L01D0,KCPA,106,3
L01D0,KHPA,1465,32
L01D0,KPA,199,12
L01F0,KHPA,2205,40
L01F0,KPA,136,10
L01G1,KHPA,412,11
L01G1,KPA,9,3
L01G2,KCPA,23,2
L01G2,KHPA,462,10
L01G2,KPA,26,2
L01G3,KHPA,590,12
L01G3,KPA,9,2
L01G4,KHPA,98,2
L01G5,KCPA,24,2
L01G5,KHPA,547,12
L01G5,KPA,3,2
L01G9,KHPA,820,32
L01H1,KHPA,1237,26
L01H1,KPA,1515,31
L01H2,KHPA,1110,24
L01H2,KPA,1341,29
L01H3,KHPA,468,9
L01H3,KPA,505,9
L01H4,KHPA,363,8
L01H4,KPA,341,6
L01H5,KHPA,513,12
L01H5,KPA,543,12
L01H6,KHPA,181,7
L01H6,KPA,152,6
L01H7,KHPA,236,8
L01H7,KPA,233,8
L01H9,KCPA,18,2
L01H9,KHPA,1968,54
L01H9,KPA,1955,58
L01J0,KHPA,585,12
L01J0,KPA,159,3
L01K0,KHPA,1993,55
L01K0,KPA,966,39
L01L0,KHPA,239,8
L01L0,KPA,215,6
L01X1,KCPA,905,27
L01X1,KHPA,2319,40
L01X1,KPA,156,13
L01X6,KHPA,6,1
L01X8,KHPA,119,2
L01X8,KPA,3,1
L01X9,KCPA,3,1
L01X9,KHPA,1505,33
L01X9,KPA,683,18
L02A2,KCPA,276,7
L02A2,KHPA,1601,33
L02A2,KPA,1671,34
L02A3,KCPA,334,11
L02A3,KHPA,1061,19
L02A3,KPA,142,12
L02B1,KHPA,510,12
L02B1,KPA,454,8
L02B2,KHPA,778,20
L02B2,KPA,990,21
L02B3,KHPA,530,11
L02B3,KPA,631,13
L02B9,KHPA,120,2
L02B9,KPA,3,1
L03A1,KCPA,54,9
L03A1,KHPA,1013,18
L03A1,KPA,125,7
L03A9,KCPA,773,20
L03A9,KHPA,1075,28
L03A9,KPA,390,15
L03B1,KHPA,4,1
L04B0,KCPA,76,2
L04B0,KHPA,1362,28
L04B0,KPA,489,18
L04C0,KCPA,41,1
L04C0,KHPA,655,19
L04C0,KPA,104,8
L04D0,KHPA,353,9
L04D0,KPA,373,12
L04X0,KHPA,5052,107
L04X0,KPA,6160,121
M01A1,KCPA,5014,144
M01A1,KHPA,16008,555
M01A1,KPA,65293,1423
M01A2,KCPA,3,1
M01A2,KHPA,178,17
M01A2,KPA,938,43
M01A3,KCPA,404,13
M01A3,KHPA,3809,142
M01A3,KPA,19794,388
M01C0,KHPA,1786,46
M01C0,KPA,1797,39
M02A0,KCPA,52,8
M02A0,KHPA,3223,96
M02A0,KPA,18718,501
M03A0,KCPA,1346,44
M03A0,KHPA,2059,47
M03A0,KPA,253,14
M03B0,KCPA,1324,44
M03B0,KHPA,7328,227
M03B0,KPA,22591,490
M04A0,KCPA,489,13
M04A0,KHPA,1626,52
M04A0,KPA,3992,81
M05B3,KCPA,2032,46
M05B3,KHPA,4994,164
M05B3,KPA,11528,221
M05B4,KCPA,117,2
M05B4,KHPA,299,5
M05B4,KPA,56,3
M05B9,KCPA,120,4
M05B9,KHPA,201,8
M05B9,KPA,123,5
M05X0,KCPA,3056,79
M05X0,KHPA,5391,168
M05X0,KPA,10088,250
N01A1,KCPA,82,3
N01A1,KHPA,413,8
N01A1,KPA,187,6
N01A2,KCPA,1901,41
N01A2,KHPA,5694,116
N01A2,KPA,153,13
N01B1,KCPA,1345,29
N01B1,KHPA,1855,39
N01B1,KPA,501,20
N01B2,KCPA,166,5
N01B2,KHPA,663,14
N01B2,KPA,97,4
N01B3,KCPA,680,16
N01B3,KHPA,1958,46
N01B3,KPA,1516,42
N01B9,KHPA,1,1
N02A0,KCPA,729,25
N02A0,KHPA,6718,130
N02A0,KPA,4922,93
N02B0,KCPA,6706,193
N02B0,KHPA,15193,474
N02B0,KPA,41971,901
N02C1,KCPA,113,4
N02C1,KHPA,677,17
N02C1,KPA,784,22
N02C2,KCPA,31,1
N02C2,KHPA,153,4
N02C2,KPA,111,4
N02C9,KCPA,206,7
N02C9,KHPA,538,17
N02C9,KPA,753,22
N02D0,KCPA,1373,51
N02D0,KHPA,10783,358
N02D0,KPA,36031,730
N03A0,KCPA,2622,65
N03A0,KHPA,12658,294
N03A0,KPA,21154,441
N04A0,KCPA,1125,34
N04A0,KHPA,7106,161
N04A0,KPA,9844,204
N05A1,KCPA,8506,198
N05A1,KHPA,15419,358
N05A1,KPA,22799,504
N05A9,KCPA,1226,26
N05A9,KHPA,1717,35
N05A9,KPA,1653,32
N05B1,KCPA,1966,52
N05B1,KHPA,4029,103
N05B1,KPA,6045,144
N05B3,KCPA,60,1
N05B3,KHPA,179,4
N05B3,KPA,72,3
N05B5,KHPA,3,1
N05B5,KPA,60,1
N05C0,KCPA,3212,72
N05C0,KHPA,5644,129
N05C0,KPA,7717,152
N06A2,KCPA,60,2
N06A2,KHPA,150,3
N06A2,KPA,231,8
N06A3,KCPA,240,4
N06A3,KHPA,297,5
N06A3,KPA,256,5
N06A4,KCPA,4372,109
N06A4,KHPA,8423,244
N06A4,KPA,20534,439
N06A5,KCPA,1989,48
N06A5,KHPA,3713,96
N06A5,KPA,5319,113
N06A9,KCPA,3164,71
N06A9,KHPA,5376,113
N06A9,KPA,6811,136
N06B0,KCPA,833,20
N06B0,KHPA,1443,29
N06B0,KPA,1501,35
N06D0,KCPA,948,49
N06D0,KHPA,4751,154
N06D0,KPA,10013,270
N06E0,KCPA,33,1
N06E0,KHPA,640,13
N06E0,KPA,85,5
N07A0,KHPA,816,16
N07A0,KPA,403,9
N07B0,KCPA,43,2
N07B0,KHPA,833,31
N07B0,KPA,2138,56
N07C0,KCPA,64,4
N07C0,KHPA,472,9
N07C0,KPA,1413,31
N07D1,KCPA,1498,50
N07D1,KHPA,9222,283
N07D1,KPA,24846,530
N07D9,KCPA,439,18
N07D9,KHPA,1976,82
N07D9,KPA,6145,176
N07E0,KCPA,475,8
N07E0,KHPA,817,18
N07E0,KPA,1295,26
N07X0,KCPA,1198,33
N07X0,KHPA,4971,129
N07X0,KPA,3169,74
P01B0,KHPA,427,18
P01B0,KPA,1985,50
P01C0,KHPA,70,2
P01C0,KPA,120,2
P01D1,KHPA,170,3
P01D1,KPA,123,3
P01D2,KHPA,87,2
P01D2,KPA,120,2
P01G0,KHPA,60,1
P03A0,KCPA,10,3
P03A0,KHPA,139,5
P03A0,KPA,323,11
R01A1,KCPA,13,2
R01A1,KHPA,1216,34
R01A1,KPA,3680,68
R01A4,KHPA,265,5
R01A4,KPA,239,5
R01A6,KHPA,71,2
R01A6,KPA,594,18
R01A7,KHPA,410,7
R01A7,KPA,1262,28
R01A9,KCPA,1,1
R01A9,KHPA,369,12
R01A9,KPA,902,22
R01B0,KCPA,271,17
R01B0,KHPA,1838,66
R01B0,KPA,6230,152
R02A0,KCPA,162,8
R02A0,KHPA,642,18
R02A0,KPA,2097,54
R03A2,KCPA,13,4
R03A2,KHPA,1998,77
R03A2,KPA,4040,100
R03A3,KHPA,81,2
R03A3,KPA,133,3
R03A4,KCPA,187,5
R03A4,KHPA,219,6
R03A4,KPA,222,5
R03B2,KCPA,237,6
R03B2,KHPA,945,22
R03B2,KPA,1007,28
R03C2,KCPA,230,7
R03C2,KHPA,2003,69
R03C2,KPA,7520,152
R03D1,KCPA,175,5
R03D1,KHPA,568,14
R03D1,KPA,718,18
R03F1,KCPA,10,2
R03F1,KHPA,1428,33
R03F1,KPA,1803,35
R03H2,KHPA,104,2
R03H2,KPA,107,2
R03J2,KCPA,129,6
R03J2,KHPA,3109,121
R03J2,KPA,12473,284
R03K1,KCPA,69,2
R03K1,KHPA,97,2
R03K1,KPA,115,2
R03K2,KHPA,407,7
R03K2,KPA,397,7
R03L2,KHPA,331,7
R03L2,KPA,331,7
R03L3,KHPA,172,5
R03L3,KPA,193,5
R03M0,KHPA,174,4
R03M0,KPA,14,1
R03X1,KCPA,40,1
R03X1,KHPA,103,2
R03X1,KPA,83,2
R03X2,KCPA,237,4
R03X2,KHPA,385,10
R03X2,KPA,196,6
R05A0,KCPA,45,2
R05A0,KHPA,277,20
R05A0,KPA,13032,411
R05C0,KCPA,2174,77
R05C0,KHPA,9749,337
R05C0,KPA,37006,819
R05D1,KCPA,370,21
R05D1,KHPA,2830,133
R05D1,KPA,13575,294
R05D2,KCPA,535,18
R05D2,KHPA,1492,46
R05D2,KPA,5301,155
R05F0,KHPA,73,2
R05F0,KPA,280,6
R06A0,KCPA,1379,57
R06A0,KHPA,7042,291
R06A0,KPA,39466,857
R07A0,KHPA,180,3
R07A0,KPA,6,2
R07C0,KHPA,208,4
R07D0,KHPA,563,15
R07D0,KPA,614,16
R07X0,KHPA,179,3
S01A0,KCPA,210,14
S01A0,KHPA,3273,92
S01A0,KPA,9285,184
S01B0,KCPA,76,9
S01B0,KHPA,2091,60
S01B0,KPA,5248,104
S01C1,KCPA,61,3
S01C1,KHPA,499,12
S01C1,KPA,925,22
S01C9,KHPA,59,1
S01C9,KPA,241,5
S01D0,KHPA,228,4
S01D0,KPA,240,4
S01E1,KHPA,120,2
S01E1,KPA,63,2
S01E2,KCPA,75,5
S01E2,KHPA,3049,78
S01E2,KPA,4287,94
S01F0,KCPA,204,5
S01F0,KHPA,504,9
S01F0,KPA,528,11
S01G1,KHPA,228,7
S01G1,KPA,1477,36
S01G2,KHPA,215,6
S01G2,KPA,480,8
S01G3,KCPA,28,2
S01G3,KHPA,1432,58
S01G3,KPA,6041,131
S01G5,KHPA,41,1
S01G5,KPA,85,2
S01G6,KHPA,3,1
S01H0,KCPA,120,2
S01H0,KHPA,120,2
S01H0,KPA,120,2
S01K1,KCPA,38,9
S01K1,KHPA,4658,155
S01K1,KPA,17336,469
S01K9,KHPA,754,27
S01K9,KPA,3183,70
S01L0,KHPA,19,1
S01L0,KPA,145,8
S01M0,KCPA,3,1
S01M0,KHPA,375,15
S01M0,KPA,1972,64
S01N2,KCPA,3,1
S01N2,KHPA,241,5
S01N2,KPA,381,8
S01P0,KCPA,341,16
S01P0,KHPA,493,17
S01P0,KPA,3,1
S01R0,KCPA,38,2
S01R0,KHPA,504,17
S01R0,KPA,1463,42
S01S1,KCPA,427,16
S01S1,KHPA,851,26
S01S1,KPA,6,2
S01S9,KCPA,300,6
S01S9,KHPA,429,8
S01S9,KPA,49,3
S01T0,KCPA,60,1
S01T0,KHPA,66,2
S01T0,KPA,1,1
S01X2,KHPA,208,7
S01X2,KPA,645,19
S02A0,KCPA,57,2
S02A0,KHPA,281,7
S02A0,KPA,296,7
S02C0,KCPA,18,2
S02C0,KHPA,220,5
S02C0,KPA,290,6
S02D9,KPA,130,4
T01A0,KCPA,562,19
T01A0,KHPA,9172,215
T01A0,KPA,144,10
T01B0,KHPA,34,1
T01C0,KCPA,50,1
T01C0,KHPA,383,8
T01C0,KPA,118,3
T01E0,KHPA,1322,29
T01E0,KPA,104,7
T01F0,KCPA,78,2
T01F0,KHPA,139,3
T01F0,KPA,64,2
T01G0,KHPA,59,1
T01X0,KHPA,205,5
T01X0,KPA,6,1
T02C0,KHPA,4,1
T02C0,KPA,491,15
T02D9,KCPA,123,3
T02D9,KHPA,356,6
T02D9,KPA,163,6
T02X2,KHPA,56,1
T02X9,KCPA,58,3
T02X9,KHPA,655,15
T02X9,KPA,59,6
V01A0,KCPA,188,5
V01A0,KHPA,874,16
V01A0,KPA,490,12
V03B1,KPA,60,1
V03B2,KCPA,29,6
V03B2,KHPA,117,13
V03B2,KPA,31710,925
V03D0,KCPA,993,24
V03D0,KHPA,2085,42
V03D0,KPA,298,15
V03E0,KCPA,135,4
V03E0,KHPA,1079,26
V03E0,KPA,1451,39
V03F0,KHPA,569,12
V03F0,KPA,515,11
V03G1,KCPA,1025,23
V03G1,KHPA,1324,29
V03G1,KPA,1274,28
V03G2,KCPA,780,20
V03G2,KHPA,1018,30
V03G2,KPA,1276,35
V03H0,KCPA,140,8
V03H0,KHPA,1189,34
V03H0,KPA,2071,62
V03X0,KCPA,712,18
V03X0,KHPA,1099,27
V03X0,KPA,884,25
V05A0,KHPA,56,1
V05A0,KPA,28,1
V06A0,KCPA,26,3
V06A0,KHPA,11,2
V06A0,KPA,1324,39
V06B0,KHPA,646,13
V06B0,KPA,1107,23
V06D0,KCPA,103,2
V06D0,KHPA,240,4
V06D0,KPA,240,4
V07A0,KHPA,12,1
V07B0,KPA,1201,33
V07C0,KPA,11,2
null,Grand Total,20,1
