period_yyyymm,path,row_count,source_files,loaded_at
2021-01,year=2021/month=01/data.parquet,2091505,"['기타 2021-2026.02.xlsx', '병원 2021.xlsx', '보건소 2021-2022.xlsx', '상급종병_2021.xlsx', '의원_ 내과 제외 2101-03.xlsx', '의원_내과 세부진료과 2021.xlsx']",2026-05-19T01:23:49+09:00
2021-02,year=2021/month=02/data.parquet,2091505,"['기타 2021-2026.02.xlsx', '병원 2021.xlsx', '보건소 2021-2022.xlsx', '상급종병_2021.xlsx', '의원_ 내과 제외 2101-03.xlsx', '의원_내과 세부진료과 2021.xlsx']",2026-05-19T01:23:49+09:00
2021-03,year=2021/month=03/data.parquet,2091505,"['기타 2021-2026.02.xlsx', '병원 2021.xlsx', '보건소 2021-2022.xlsx', '상급종병_2021.xlsx', '의원_ 내과 제외 2101-03.xlsx', '의원_내과 세부진료과 2021.xlsx']",2026-05-19T01:23:49+09:00
2021-04,year=2021/month=04/data.parquet,2125305,"['기타 2021-2026.02.xlsx', '병원 2021.xlsx', '보건소 2021-2022.xlsx', '상급종병_2021.xlsx', '의원_ 내과 제외 2104-06.xlsx', '의원_내과 세부진료과 2021.xlsx']",2026-05-19T01:23:49+09:00
2021-05,year=2021/month=05/data.parquet,2125305,"['기타 2021-2026.02.xlsx', '병원 2021.xlsx', '보건소 2021-2022.xlsx', '상급종병_2021.xlsx', '의원_ 내과 제외 2104-06.xlsx', '의원_내과 세부진료과 2021.xlsx']",2026-05-19T01:23:49+09:00
2021-06,year=2021/month=06/data.parquet,2125305,"['기타 2021-2026.02.xlsx', '병원 2021.xlsx', '보건소 2021-2022.xlsx', '상급종병_2021.xlsx', '의원_ 내과 제외 2104-06.xlsx', '의원_내과 세부진료과 2021.xlsx']",2026-05-19T01:23:49+09:00
2021-07,year=2021/month=07/data.parquet,2138203,"['기타 2021-2026.02.xlsx', '병원 2021.xlsx', '보건소 2021-2022.xlsx', '상급종병_2021.xlsx', '의원_ 내과 제외 2107-09.xlsx', '의원_내과 세부진료과 2021.xlsx']",2026-05-19T01:23:49+09:00
2021-08,year=2021/month=08/data.parquet,2138203,"['기타 2021-2026.02.xlsx', '병원 2021.xlsx', '보건소 2021-2022.xlsx', '상급종병_2021.xlsx', '의원_ 내과 제외 2107-09.xlsx', '의원_내과 세부진료과 2021.xlsx']",2026-05-19T01:23:49+09:00
2021-09,year=2021/month=09/data.parquet,2138203,"['기타 2021-2026.02.xlsx', '병원 2021.xlsx', '보건소 2021-2022.xlsx', '상급종병_2021.xlsx', '의원_ 내과 제외 2107-09.xlsx', '의원_내과 세부진료과 2021.xlsx']",2026-05-19T01:23:49+09:00
2021-10,year=2021/month=10/data.parquet,1211970,"['기타 2021-2026.02.xlsx', '병원 2021.xlsx', '보건소 2021-2022.xlsx', '상급종병_2021.xlsx', '의원_내과 세부진료과 2021.xlsx']",2026-05-19T01:23:49+09:00
2021-11,year=2021/month=11/data.parquet,1211970,"['기타 2021-2026.02.xlsx', '병원 2021.xlsx', '보건소 2021-2022.xlsx', '상급종병_2021.xlsx', '의원_내과 세부진료과 2021.xlsx']",2026-05-19T01:23:49+09:00
2021-12,year=2021/month=12/data.parquet,1211970,"['기타 2021-2026.02.xlsx', '병원 2021.xlsx', '보건소 2021-2022.xlsx', '상급종병_2021.xlsx', '의원_내과 세부진료과 2021.xlsx']",2026-05-19T01:23:49+09:00
2022-01,year=2022/month=01/data.parquet,2238966,"['기타 2021-2026.02.xlsx', '병원 2022.xlsx', '보건소 2021-2022.xlsx', '상급종병_2022.xlsx', '의원_ 내과 제외 2201-03.xlsx', '의원_내과 세부진료과 2022.xlsx']",2026-05-19T01:23:49+09:00
2022-02,year=2022/month=02/data.parquet,2238966,"['기타 2021-2026.02.xlsx', '병원 2022.xlsx', '보건소 2021-2022.xlsx', '상급종병_2022.xlsx', '의원_ 내과 제외 2201-03.xlsx', '의원_내과 세부진료과 2022.xlsx']",2026-05-19T01:23:49+09:00
2022-03,year=2022/month=03/data.parquet,2238966,"['기타 2021-2026.02.xlsx', '병원 2022.xlsx', '보건소 2021-2022.xlsx', '상급종병_2022.xlsx', '의원_ 내과 제외 2201-03.xlsx', '의원_내과 세부진료과 2022.xlsx']",2026-05-19T01:23:49+09:00
2022-04,year=2022/month=04/data.parquet,2251968,"['기타 2021-2026.02.xlsx', '병원 2022.xlsx', '보건소 2021-2022.xlsx', '상급종병_2022.xlsx', '의원_ 내과 제외 2204-06.xlsx', '의원_내과 세부진료과 2022.xlsx']",2026-05-19T01:23:49+09:00
2022-05,year=2022/month=05/data.parquet,2251968,"['기타 2021-2026.02.xlsx', '병원 2022.xlsx', '보건소 2021-2022.xlsx', '상급종병_2022.xlsx', '의원_ 내과 제외 2204-06.xlsx', '의원_내과 세부진료과 2022.xlsx']",2026-05-19T01:23:49+09:00
2022-06,year=2022/month=06/data.parquet,2251968,"['기타 2021-2026.02.xlsx', '병원 2022.xlsx', '보건소 2021-2022.xlsx', '상급종병_2022.xlsx', '의원_ 내과 제외 2204-06.xlsx', '의원_내과 세부진료과 2022.xlsx']",2026-05-19T01:23:49+09:00
2022-07,year=2022/month=07/data.parquet,2266158,"['기타 2021-2026.02.xlsx', '병원 2022.xlsx', '보건소 2021-2022.xlsx', '상급종병_2022.xlsx', '의원_ 내과 제외 2207-09.xlsx', '의원_내과 세부진료과 2022.xlsx']",2026-05-19T01:23:49+09:00
2022-08,year=2022/month=08/data.parquet,2266158,"['기타 2021-2026.02.xlsx', '병원 2022.xlsx', '보건소 2021-2022.xlsx', '상급종병_2022.xlsx', '의원_ 내과 제외 2207-09.xlsx', '의원_내과 세부진료과 2022.xlsx']",2026-05-19T01:23:49+09:00
2022-09,year=2022/month=09/data.parquet,2266158,"['기타 2021-2026.02.xlsx', '병원 2022.xlsx', '보건소 2021-2022.xlsx', '상급종병_2022.xlsx', '의원_ 내과 제외 2207-09.xlsx', '의원_내과 세부진료과 2022.xlsx']",2026-05-19T01:23:49+09:00
2022-10,year=2022/month=10/data.parquet,2278990,"['기타 2021-2026.02.xlsx', '병원 2022.xlsx', '보건소 2021-2022.xlsx', '상급종병_2022.xlsx', '의원_ 내과 제외 2210-12.xlsx', '의원_내과 세부진료과 2022.xlsx']",2026-05-19T01:23:49+09:00
2022-11,year=2022/month=11/data.parquet,2278990,"['기타 2021-2026.02.xlsx', '병원 2022.xlsx', '보건소 2021-2022.xlsx', '상급종병_2022.xlsx', '의원_ 내과 제외 2210-12.xlsx', '의원_내과 세부진료과 2022.xlsx']",2026-05-19T01:23:49+09:00
2022-12,year=2022/month=12/data.parquet,2278990,"['기타 2021-2026.02.xlsx', '병원 2022.xlsx', '보건소 2021-2022.xlsx', '상급종병_2022.xlsx', '의원_ 내과 제외 2210-12.xlsx', '의원_내과 세부진료과 2022.xlsx']",2026-05-19T01:23:49+09:00
2023-01,year=2023/month=01/data.parquet,2354183,"['기타 2021-2026.02.xlsx', '병원 2023.xlsx', '보건소 2023-2026.02.xlsx', '상급종병_2023.xlsx', '의원_ 내과 제외 2301-03.xlsx', '의원_내과 세부진료과 2023.xlsx']",2026-05-19T01:23:49+09:00
2023-02,year=2023/month=02/data.parquet,2354183,"['기타 2021-2026.02.xlsx', '병원 2023.xlsx', '보건소 2023-2026.02.xlsx', '상급종병_2023.xlsx', '의원_ 내과 제외 2301-03.xlsx', '의원_내과 세부진료과 2023.xlsx']",2026-05-19T01:23:49+09:00
2023-03,year=2023/month=03/data.parquet,2354183,"['기타 2021-2026.02.xlsx', '병원 2023.xlsx', '보건소 2023-2026.02.xlsx', '상급종병_2023.xlsx', '의원_ 내과 제외 2301-03.xlsx', '의원_내과 세부진료과 2023.xlsx']",2026-05-19T01:23:49+09:00
2023-04,year=2023/month=04/data.parquet,2372226,"['기타 2021-2026.02.xlsx', '병원 2023.xlsx', '보건소 2023-2026.02.xlsx', '상급종병_2023.xlsx', '의원_ 내과 제외 2304-06.xlsx', '의원_내과 세부진료과 2023.xlsx']",2026-05-19T01:23:49+09:00
2023-05,year=2023/month=05/data.parquet,2372226,"['기타 2021-2026.02.xlsx', '병원 2023.xlsx', '보건소 2023-2026.02.xlsx', '상급종병_2023.xlsx', '의원_ 내과 제외 2304-06.xlsx', '의원_내과 세부진료과 2023.xlsx']",2026-05-19T01:23:49+09:00
2023-06,year=2023/month=06/data.parquet,2372226,"['기타 2021-2026.02.xlsx', '병원 2023.xlsx', '보건소 2023-2026.02.xlsx', '상급종병_2023.xlsx', '의원_ 내과 제외 2304-06.xlsx', '의원_내과 세부진료과 2023.xlsx']",2026-05-19T01:23:49+09:00
2023-07,year=2023/month=07/data.parquet,2372419,"['기타 2021-2026.02.xlsx', '병원 2023.xlsx', '보건소 2023-2026.02.xlsx', '상급종병_2023.xlsx', '의원_ 내과 제외 2307-09.xlsx', '의원_내과 세부진료과 2023.xlsx']",2026-05-19T01:23:49+09:00
2023-08,year=2023/month=08/data.parquet,2372419,"['기타 2021-2026.02.xlsx', '병원 2023.xlsx', '보건소 2023-2026.02.xlsx', '상급종병_2023.xlsx', '의원_ 내과 제외 2307-09.xlsx', '의원_내과 세부진료과 2023.xlsx']",2026-05-19T01:23:49+09:00
2023-09,year=2023/month=09/data.parquet,2372419,"['기타 2021-2026.02.xlsx', '병원 2023.xlsx', '보건소 2023-2026.02.xlsx', '상급종병_2023.xlsx', '의원_ 내과 제외 2307-09.xlsx', '의원_내과 세부진료과 2023.xlsx']",2026-05-19T01:23:49+09:00
2023-10,year=2023/month=10/data.parquet,2377271,"['기타 2021-2026.02.xlsx', '병원 2023.xlsx', '보건소 2023-2026.02.xlsx', '상급종병_2023.xlsx', '의원_ 내과 제외 2310-12.xlsx', '의원_내과 세부진료과 2023.xlsx']",2026-05-19T01:23:49+09:00
2023-11,year=2023/month=11/data.parquet,2377271,"['기타 2021-2026.02.xlsx', '병원 2023.xlsx', '보건소 2023-2026.02.xlsx', '상급종병_2023.xlsx', '의원_ 내과 제외 2310-12.xlsx', '의원_내과 세부진료과 2023.xlsx']",2026-05-19T01:23:49+09:00
2023-12,year=2023/month=12/data.parquet,2377271,"['기타 2021-2026.02.xlsx', '병원 2023.xlsx', '보건소 2023-2026.02.xlsx', '상급종병_2023.xlsx', '의원_ 내과 제외 2310-12.xlsx', '의원_내과 세부진료과 2023.xlsx']",2026-05-19T01:23:49+09:00
2024-01,year=2024/month=01/data.parquet,2331786,"['기타 2021-2026.02.xlsx', '병원 2024.xlsx', '보건소 2023-2026.02.xlsx', '상급종병_2024.xlsx', '의원_ 내과 제외 2401-02.xlsx', '의원_내과 세부진료과 2024.xlsx']",2026-05-19T01:23:49+09:00
2024-02,year=2024/month=02/data.parquet,2331786,"['기타 2021-2026.02.xlsx', '병원 2024.xlsx', '보건소 2023-2026.02.xlsx', '상급종병_2024.xlsx', '의원_ 내과 제외 2401-02.xlsx', '의원_내과 세부진료과 2024.xlsx']",2026-05-19T01:23:49+09:00
2024-03,year=2024/month=03/data.parquet,2337761,"['기타 2021-2026.02.xlsx', '병원 2024.xlsx', '보건소 2023-2026.02.xlsx', '상급종병_2024.xlsx', '의원_ 내과 제외 2403-04.xlsx', '의원_내과 세부진료과 2024.xlsx']",2026-05-19T01:23:49+09:00
2024-04,year=2024/month=04/data.parquet,2337761,"['기타 2021-2026.02.xlsx', '병원 2024.xlsx', '보건소 2023-2026.02.xlsx', '상급종병_2024.xlsx', '의원_ 내과 제외 2403-04.xlsx', '의원_내과 세부진료과 2024.xlsx']",2026-05-19T01:23:49+09:00
2024-05,year=2024/month=05/data.parquet,2338633,"['기타 2021-2026.02.xlsx', '병원 2024.xlsx', '보건소 2023-2026.02.xlsx', '상급종병_2024.xlsx', '의원_ 내과 제외 2405-06.xlsx', '의원_내과 세부진료과 2024.xlsx']",2026-05-19T01:23:49+09:00
2024-06,year=2024/month=06/data.parquet,2338633,"['기타 2021-2026.02.xlsx', '병원 2024.xlsx', '보건소 2023-2026.02.xlsx', '상급종병_2024.xlsx', '의원_ 내과 제외 2405-06.xlsx', '의원_내과 세부진료과 2024.xlsx']",2026-05-19T01:23:49+09:00
2024-07,year=2024/month=07/data.parquet,2358771,"['기타 2021-2026.02.xlsx', '병원 2024.xlsx', '보건소 2023-2026.02.xlsx', '상급종병_2024.xlsx', '의원_ 내과 제외 2407-08 .xlsx', '의원_내과 세부진료과 2024.xlsx']",2026-05-19T01:23:49+09:00
2024-08,year=2024/month=08/data.parquet,2358771,"['기타 2021-2026.02.xlsx', '병원 2024.xlsx', '보건소 2023-2026.02.xlsx', '상급종병_2024.xlsx', '의원_ 내과 제외 2407-08 .xlsx', '의원_내과 세부진료과 2024.xlsx']",2026-05-19T01:23:49+09:00
2024-09,year=2024/month=09/data.parquet,2363998,"['기타 2021-2026.02.xlsx', '병원 2024.xlsx', '보건소 2023-2026.02.xlsx', '상급종병_2024.xlsx', '의원_ 내과 제외 2409-10.xlsx', '의원_내과 세부진료과 2024.xlsx']",2026-05-19T01:23:49+09:00
2024-10,year=2024/month=10/data.parquet,2363998,"['기타 2021-2026.02.xlsx', '병원 2024.xlsx', '보건소 2023-2026.02.xlsx', '상급종병_2024.xlsx', '의원_ 내과 제외 2409-10.xlsx', '의원_내과 세부진료과 2024.xlsx']",2026-05-19T01:23:49+09:00
2024-11,year=2024/month=11/data.parquet,2372256,"['기타 2021-2026.02.xlsx', '병원 2024.xlsx', '보건소 2023-2026.02.xlsx', '상급종병_2024.xlsx', '의원_ 내과 제외 2411-12.xlsx', '의원_내과 세부진료과 2024.xlsx']",2026-05-19T01:23:49+09:00
2024-12,year=2024/month=12/data.parquet,2372256,"['기타 2021-2026.02.xlsx', '병원 2024.xlsx', '보건소 2023-2026.02.xlsx', '상급종병_2024.xlsx', '의원_ 내과 제외 2411-12.xlsx', '의원_내과 세부진료과 2024.xlsx']",2026-05-19T01:23:49+09:00
2025-01,year=2025/month=01/data.parquet,2418686,"['기타 2021-2026.02.xlsx', '병원 2025.xlsx', '보건소 2023-2026.02.xlsx', '상급종병_2025 2026.xlsx', '의원_ 내과 제외 2501-02.xlsx', '의원_내과 세부진료과 2025.xlsx']",2026-05-19T01:23:49+09:00
2025-02,year=2025/month=02/data.parquet,2418686,"['기타 2021-2026.02.xlsx', '병원 2025.xlsx', '보건소 2023-2026.02.xlsx', '상급종병_2025 2026.xlsx', '의원_ 내과 제외 2501-02.xlsx', '의원_내과 세부진료과 2025.xlsx']",2026-05-19T01:23:49+09:00
2025-03,year=2025/month=03/data.parquet,2428633,"['기타 2021-2026.02.xlsx', '병원 2025.xlsx', '보건소 2023-2026.02.xlsx', '상급종병_2025 2026.xlsx', '의원_ 내과 제외 2503-04.xlsx', '의원_내과 세부진료과 2025.xlsx']",2026-05-19T01:23:49+09:00
2025-04,year=2025/month=04/data.parquet,2428633,"['기타 2021-2026.02.xlsx', '병원 2025.xlsx', '보건소 2023-2026.02.xlsx', '상급종병_2025 2026.xlsx', '의원_ 내과 제외 2503-04.xlsx', '의원_내과 세부진료과 2025.xlsx']",2026-05-19T01:23:49+09:00
2025-05,year=2025/month=05/data.parquet,1443937,"['기타 2021-2026.02.xlsx', '병원 2025.xlsx', '보건소 2023-2026.02.xlsx', '상급종병_2025 2026.xlsx', '의원_내과 세부진료과 2025.xlsx']",2026-05-19T01:23:49+09:00
2025-06,year=2025/month=06/data.parquet,2422130,"['기타 2021-2026.02.xlsx', '병원 2025.xlsx', '보건소 2023-2026.02.xlsx', '상급종병_2025 2026.xlsx', '의원_ 내과 제외 2506-07.xlsx', '의원_내과 세부진료과 2025.xlsx']",2026-05-19T01:23:49+09:00
2025-07,year=2025/month=07/data.parquet,2422130,"['기타 2021-2026.02.xlsx', '병원 2025.xlsx', '보건소 2023-2026.02.xlsx', '상급종병_2025 2026.xlsx', '의원_ 내과 제외 2506-07.xlsx', '의원_내과 세부진료과 2025.xlsx']",2026-05-19T01:23:49+09:00
2025-08,year=2025/month=08/data.parquet,2441250,"['기타 2021-2026.02.xlsx', '병원 2025.xlsx', '보건소 2023-2026.02.xlsx', '상급종병_2025 2026.xlsx', '의원_내과 세부진료과 2025.xlsx', '의원_내과 제외 2508-09.xlsx']",2026-05-19T01:23:49+09:00
2025-09,year=2025/month=09/data.parquet,2441250,"['기타 2021-2026.02.xlsx', '병원 2025.xlsx', '보건소 2023-2026.02.xlsx', '상급종병_2025 2026.xlsx', '의원_내과 세부진료과 2025.xlsx', '의원_내과 제외 2508-09.xlsx']",2026-05-19T01:23:49+09:00
2025-10,year=2025/month=10/data.parquet,2278901,"['기타 2021-2026.02.xlsx', '병원 2025.xlsx', '보건소 2023-2026.02.xlsx', '상급종병_2025 2026.xlsx', '의원_내과 세부진료과 2025.xlsx', '의원_내과 제외 2510.xlsx']",2026-05-19T01:23:49+09:00
2025-11,year=2025/month=11/data.parquet,2284076,"['기타 2021-2026.02.xlsx', '병원 2025.xlsx', '보건소 2023-2026.02.xlsx', '상급종병_2025 2026.xlsx', '의원_내과 세부진료과 2025.xlsx', '의원_내과 제외 2511.xlsx']",2026-05-19T01:23:49+09:00
2025-12,year=2025/month=12/data.parquet,2297451,"['기타 2021-2026.02.xlsx', '병원 2025.xlsx', '보건소 2023-2026.02.xlsx', '상급종병_2025 2026.xlsx', '의원_내과 세부진료과 2025.xlsx', '의원_내과 제외 2512.xlsx']",2026-05-19T01:23:49+09:00
2026-01,year=2026/month=01/data.parquet,2366636,"['기타 2021-2026.02.xlsx', '보건소 2023-2026.02.xlsx', '상급종병_2025 2026.xlsx', '의원_내과 제외 2601-02.xlsx', '종병 병원 2601-02.xlsx']",2026-05-19T01:23:49+09:00
2026-02,year=2026/month=02/data.parquet,4285520,"['기타 2021-2026.02.xlsx', '보건소 2023-2026.02.xlsx', '상급종병_2025 2026.xlsx', '성분_병원.xlsx', '성분_상급종병.xlsx', '성분_의원_내과 세부진료과.xlsx', '성분_의원_내과 제외.xlsx', '성분_종병.xlsx', '의원_내과 제외 2601-02.xlsx', '종병 병원 2601-02.xlsx']",2026-05-19T01:23:49+09:00
2026-03,year=2026/month=03/data.parquet,2278970,"['UBIST 2026.03-04 의원_ 내과 제외 (진료과 29개).xlsx', 'UBIST 2026.03-04 의원_내과 세부진료과.xlsx', 'UBIST 2026.03.xlsx']",2026-05-19T01:23:49+09:00
2026-04,year=2026/month=04/data.parquet,2283773,"['UBIST 2026.03-04 의원_ 내과 제외 (진료과 29개).xlsx', 'UBIST 2026.03-04 의원_내과 세부진료과.xlsx', 'UBIST 2026.04.xlsx']",2026-05-19T01:23:49+09:00
