ml_id,source,channel,specialty,rows,products
ml_001,ubist,CL,IGF,5982530,1404
ml_001,ubist,CL,Unknown,3088259,1385
ml_001,ubist,TH,Unknown,1820273,985
ml_001,ubist,Semi,Unknown,1502966,1394
ml_001,ubist,Unknown,Unknown,981037,1108
ml_001,ubist,TH,IGF,586215,999
ml_001,ubist,기타,Unknown,536121,1193
ml_001,ubist,TH,GI,322960,819
ml_001,ubist,TH,Cardio,216648,571
ml_001,ubist,TH,Neuro,179839,481
ml_001,ubist,CL,Uro,167404,1004
ml_001,ubist,CL,Neuro,158401,923
ml_001,ubist,GH,Unknown,150706,1052
ml_001,ubist,TH,Nephro,116354,333
ml_001,ubist,GH,IGF,100901,1141
ml_001,ubist,TH,Endo,92319,340
ml_001,ubist,TH,Uro,87889,428
ml_001,ubist,GH,GI,49150,1024
ml_001,ubist,GH,Cardio,23356,727
ml_001,ubist,GH,Neuro,19849,692
ml_001,ubist,GH,Nephro,15110,621
ml_001,ubist,GH,Endo,10209,472
ml_001,ubist,GH,Uro,9620,379
ml_002,chso,Sell_Out,,11160,186
ml_002,nsa,KHPA,,4803,135
ml_002,nsa,KPA,,4576,133
ml_002,nsa,KCPA,,3184,106
ml_003,chso,Sell_Out,,128340,2139
ml_004,chso,Sell_Out,,480,8
ml_004,nsa,KPA,,20,2
ml_004,nsa,KHPA,,20,2
ml_005,ubist,CL,IGF,3010600,807
ml_005,ubist,CL,Unknown,1273332,796
ml_005,ubist,TH,Unknown,1181233,503
ml_005,ubist,TH,IGF,674372,561
ml_005,ubist,Semi,Unknown,657904,804
ml_005,ubist,TH,Cardio,436149,508
ml_005,ubist,기타,Unknown,435479,778
ml_005,ubist,TH,Nephro,220871,434
ml_005,ubist,TH,Neuro,211660,430
ml_005,ubist,Unknown,Unknown,205809,568
ml_005,ubist,TH,Endo,197559,421
ml_005,ubist,CL,Neuro,182663,670
ml_005,ubist,TH,GI,109312,390
ml_005,ubist,GH,Unknown,75164,591
ml_005,ubist,GH,IGF,70845,684
ml_005,ubist,GH,Cardio,34385,590
ml_005,ubist,CL,Uro,29782,412
ml_005,ubist,GH,GI,22533,586
ml_005,ubist,GH,Nephro,21130,554
ml_005,ubist,GH,Neuro,18748,543
ml_005,ubist,GH,Endo,14926,475
ml_005,ubist,TH,Uro,12175,196
ml_005,ubist,GH,Uro,782,108
ml_006,ubist,CL,IGF,3017720,1126
ml_006,ubist,CL,Unknown,743173,1058
ml_006,ubist,Semi,Unknown,601602,1074
ml_006,ubist,TH,Unknown,412764,470
ml_006,ubist,기타,Unknown,357784,968
ml_006,ubist,TH,IGF,301277,632
ml_006,ubist,TH,Cardio,175998,495
ml_006,ubist,CL,Neuro,140699,787
ml_006,ubist,TH,Neuro,130943,423
ml_006,ubist,TH,Endo,116999,398
ml_006,ubist,Unknown,Unknown,113599,539
ml_006,ubist,TH,Nephro,81469,269
ml_006,ubist,TH,GI,59176,260
ml_006,ubist,GH,IGF,58014,837
ml_006,ubist,GH,Unknown,37586,657
ml_006,ubist,GH,Cardio,22385,641
ml_006,ubist,GH,GI,20782,672
ml_006,ubist,GH,Neuro,18696,622
ml_006,ubist,CL,Uro,16897,357
ml_006,ubist,GH,Endo,14966,488
ml_006,ubist,GH,Nephro,13012,533
ml_006,ubist,TH,Uro,10351,85
ml_006,ubist,GH,Uro,276,55
ml_007,ubist,CL,IGF,3006039,976
ml_007,ubist,CL,Unknown,985794,907
ml_007,ubist,Semi,Unknown,627236,922
ml_007,ubist,TH,Unknown,620673,505
ml_007,ubist,TH,IGF,431407,622
ml_007,ubist,기타,Unknown,364158,827
ml_007,ubist,TH,Cardio,237422,527
ml_007,ubist,TH,Neuro,177563,437
ml_007,ubist,TH,Endo,171677,457
ml_007,ubist,CL,Neuro,162689,723
ml_007,ubist,Unknown,Unknown,146315,542
ml_007,ubist,TH,Nephro,139217,338
ml_007,ubist,TH,GI,98290,336
ml_007,ubist,GH,IGF,72012,756
ml_007,ubist,GH,Unknown,58147,641
ml_007,ubist,GH,Cardio,29016,645
ml_007,ubist,CL,Uro,28460,394
ml_007,ubist,GH,GI,27710,648
ml_007,ubist,GH,Neuro,22661,620
ml_007,ubist,GH,Endo,21116,547
ml_007,ubist,GH,Nephro,18774,549
ml_007,ubist,TH,Uro,18199,121
ml_007,ubist,GH,Uro,549,92
ml_008,ubist,CL,IGF,10863962,3545
ml_008,ubist,CL,Unknown,3739265,3401
ml_008,ubist,TH,Unknown,2458416,1622
ml_008,ubist,Semi,Unknown,2154028,3406
ml_008,ubist,TH,IGF,1714264,1944
ml_008,ubist,기타,Unknown,1593380,3244
ml_008,ubist,TH,Cardio,1074587,1739
ml_008,ubist,TH,Nephro,649251,1391
ml_008,ubist,TH,Neuro,599100,1426
ml_008,ubist,TH,Endo,577866,1373
ml_008,ubist,CL,Neuro,552614,2680
ml_008,ubist,Unknown,Unknown,526265,1844
ml_008,ubist,TH,GI,253319,1129
ml_008,ubist,GH,IGF,216000,2778
ml_008,ubist,GH,Unknown,170128,2190
ml_008,ubist,CL,Uro,99926,1351
ml_008,ubist,GH,Cardio,93948,2243
ml_008,ubist,GH,GI,71566,2274
ml_008,ubist,GH,Nephro,61170,1942
ml_008,ubist,GH,Neuro,55136,1970
ml_008,ubist,GH,Endo,48741,1680
ml_008,ubist,TH,Uro,26794,441
ml_008,ubist,GH,Uro,1719,214
ml_009,ubist,CL,IGF,2518076,1057
ml_009,ubist,CL,Unknown,995370,1045
ml_009,ubist,CL,Uro,713823,1057
ml_009,ubist,Semi,Unknown,514403,1045
ml_009,ubist,TH,Unknown,341015,445
ml_009,ubist,기타,Unknown,277038,981
ml_009,ubist,TH,Uro,220329,660
ml_009,ubist,Unknown,Unknown,135686,620
ml_009,ubist,TH,IGF,119140,375
ml_009,ubist,CL,Neuro,71100,756
ml_009,ubist,TH,Neuro,49412,240
ml_009,ubist,TH,Nephro,43785,245
ml_009,ubist,TH,Cardio,36237,244
ml_009,ubist,GH,Unknown,33655,718
ml_009,ubist,GH,Uro,30340,846
ml_009,ubist,TH,Endo,25051,175
ml_009,ubist,GH,IGF,22587,722
ml_009,ubist,TH,GI,22007,169
ml_009,ubist,GH,GI,8325,532
ml_009,ubist,GH,Nephro,6348,433
ml_009,ubist,GH,Neuro,6084,465
ml_009,ubist,GH,Cardio,4924,447
ml_009,ubist,GH,Endo,1966,224
ml_010,chso,Sell_Out,,1200,20
ml_010,nsa,KHPA,,3947,18
ml_010,nsa,KPA,,799,13
ml_010,nsa,KCPA,,120,16
ml_011,chso,Sell_Out,,3600,60
ml_011,nsa,KHPA,,4431,27
ml_011,nsa,KPA,,1819,24
ml_011,nsa,KCPA,,344,8
ml_012,chso,Sell_Out,,8902,76
ml_012,nsa,KHPA,,3394,33
ml_012,nsa,KPA,,3224,32
ml_012,nsa,KCPA,,1613,25
ml_013,chso,Sell_Out,,2460,41
ml_013,nsa,KHPA,,7068,37
ml_013,nsa,KPA,,1941,26
ml_014,chso,Sell_Out,,19860,331
ml_014,nsa,KHPA,,19524,87
ml_014,nsa,KCPA,,6794,56
ml_014,nsa,KPA,,2255,55
ml_015,chso,Sell_Out,,240,4
ml_015,nsa,KHPA,,480,4
ml_015,nsa,KPA,,480,4
ml_015,nsa,KCPA,,206,4
ml_016,chso,Sell_Out,,3120,52
ml_016,nsa,KHPA,,2944,27
ml_016,nsa,KPA,,428,18
ml_016,nsa,KCPA,,81,9
